id,name,hero,price,able
1,블랙위도우 키 링,블랙위도우,3000,Y
2,캡틴 아메리카 키 링,캡틴 아메리카,4000,Y
3,닥터 스트레인지 스테츄,닥터 스트레인지,35000,N
4,호크아이 SD 스태츄,호크아이,6000,Y
5,헐크 스태츄,헐크,55000,Y
6,아이언맨 포토카드,아이언맨,5500,N
7,팔콘 스탠딩 피규어,팔콘,40000,Y
8,묠니르,토르,45000,Y
9,얘네 누군지 모르겠어요,몰&루?,45000,Y
10,윈터솔져 포토 카드,윈터솔져,6000,Y

