<?xml version="1.0" encoding="UTF-8"?>
<mxfile host="app.diagrams.net" modified="2024-03-18T03:33:46.653Z" agent="Mozilla/5.0 (Windows NT 10.0; Win64; x64) AppleWebKit/537.36 (KHTML, like Gecko) Chrome/122.0.0.0 Safari/537.36" etag="T8d8Xl-BRvB1oVcwrTAI" version="23.1.5" type="device">
  <diagram id="07fea595-8f29-1299-0266-81d95cde20df" name="Page-1">
    <mxGraphModel dx="1509" dy="785" grid="1" gridSize="10" guides="1" tooltips="1" connect="1" arrows="1" fold="1" page="1" pageScale="1" pageWidth="1169" pageHeight="827" background="#ffffff" math="0" shadow="0">
      <root>
        <mxCell id="0" />
        <mxCell id="1" parent="0" />
        <mxCell id="170" value="&lt;font color=&quot;#23497d&quot;&gt;Depth 1&lt;/font&gt;" style="swimlane;whiteSpace=wrap;fillColor=none;swimlaneFillColor=#BAC8D3;fontColor=#2F5B7C;fontFamily=Tahoma;html=1;strokeColor=none;opacity=50;" parent="1" vertex="1">
          <mxGeometry x="24.5" y="88.5" width="160" height="650" as="geometry">
            <mxRectangle x="20" y="20" width="80" height="23" as="alternateBounds" />
          </mxGeometry>
        </mxCell>
        <mxCell id="171" value="메인 페이지" style="whiteSpace=wrap;shadow=0;fontColor=#FFFFFF;fontFamily=Helvetica;fontStyle=0;html=1;fontSize=12;plain-purple;strokeColor=none;fillColor=#2f5b7c;gradientColor=none;spacing=6;verticalAlign=middle;" parent="170" vertex="1">
          <mxGeometry x="20" y="60" width="120" height="60" as="geometry" />
        </mxCell>
        <mxCell id="173" value="관리자 페이지" style="whiteSpace=wrap;strokeColor=#6c8ebf;fillColor=#dae8fc;shadow=0;fontFamily=Helvetica;fontStyle=0;html=1;fontSize=12;spacing=6;verticalAlign=middle;" parent="170" vertex="1">
          <mxGeometry x="20" y="325.5" width="120" height="60" as="geometry" />
        </mxCell>
        <mxCell id="xMDmkkcy7LNC_Bl1xIqx-223" value="관리자 로그인&lt;br&gt; " style="shape=document;whiteSpace=wrap;verticalAlign=middle;strokeColor=#d6b656;fillColor=#fff2cc;shadow=0;fontFamily=Helvetica;fontStyle=0;html=1;fontSize=12;spacing=6;spacingBottom=22;" vertex="1" parent="170">
          <mxGeometry x="20" y="191.5" width="120" height="80" as="geometry" />
        </mxCell>
        <mxCell id="xMDmkkcy7LNC_Bl1xIqx-226" value="" style="edgeStyle=segmentEdgeStyle;strokeColor=#d6b656;strokeWidth=3;html=1;endArrow=block;endFill=1;entryX=0.5;entryY=0;entryDx=0;entryDy=0;exitX=0.502;exitY=0.834;exitDx=0;exitDy=0;exitPerimeter=0;fillColor=#fff2cc;" edge="1" parent="170" source="xMDmkkcy7LNC_Bl1xIqx-223" target="173">
          <mxGeometry width="100" height="100" relative="1" as="geometry">
            <mxPoint x="79.5" y="271.5" as="sourcePoint" />
            <mxPoint x="79.66" y="351.5" as="targetPoint" />
            <Array as="points" />
          </mxGeometry>
        </mxCell>
        <mxCell id="xMDmkkcy7LNC_Bl1xIqx-227" value="" style="edgeStyle=segmentEdgeStyle;strokeColor=#d6b656;strokeWidth=3;html=1;endArrow=block;endFill=1;entryX=0.5;entryY=0;entryDx=0;entryDy=0;fillColor=#fff2cc;" edge="1" parent="170" source="171" target="xMDmkkcy7LNC_Bl1xIqx-223">
          <mxGeometry width="100" height="100" relative="1" as="geometry">
            <mxPoint x="80" y="120" as="sourcePoint" />
            <mxPoint x="79.66" y="249.5" as="targetPoint" />
            <Array as="points" />
          </mxGeometry>
        </mxCell>
        <mxCell id="176" value="Depth 6" style="swimlane;whiteSpace=wrap;fillColor=none;swimlaneFillColor=#BAC8D3;fontColor=#2F5B7C;fontFamily=Tahoma;html=1;strokeColor=none;opacity=25;" parent="1" vertex="1">
          <mxGeometry x="824.5" y="88.5" width="160" height="650" as="geometry">
            <mxRectangle x="20" y="20" width="80" height="23" as="alternateBounds" />
          </mxGeometry>
        </mxCell>
        <mxCell id="178" value="결제" style="shape=document;whiteSpace=wrap;verticalAlign=middle;strokeColor=none;fillColor=#12aab5;shadow=0;fontColor=#FFFFFF;fontFamily=Helvetica;fontStyle=0;html=1;fontSize=12;spacing=6;spacingBottom=22;" parent="176" vertex="1">
          <mxGeometry x="25.5" y="441.5" width="120" height="80" as="geometry" />
        </mxCell>
        <mxCell id="180" value="Depth 5" style="swimlane;whiteSpace=wrap;fillColor=none;swimlaneFillColor=#BAC8D3;fontColor=#2F5B7C;fontFamily=Tahoma;html=1;strokeColor=none;opacity=50;" parent="1" vertex="1">
          <mxGeometry x="664.5" y="89" width="160" height="650" as="geometry">
            <mxRectangle x="20" y="20" width="80" height="23" as="alternateBounds" />
          </mxGeometry>
        </mxCell>
        <mxCell id="182" value="결제 정보 입력" style="whiteSpace=wrap;strokeColor=none;fillColor=#2f5b7c;shadow=0;fontColor=#FFFFFF;fontFamily=Helvetica;fontStyle=0;html=1;fontSize=12;spacing=6;verticalAlign=middle;" parent="180" vertex="1">
          <mxGeometry x="20" y="441.5" width="120" height="60" as="geometry" />
        </mxCell>
        <mxCell id="181" value="문의 상세보기" style="whiteSpace=wrap;fillColor=#2f5b7c;strokeColor=none;shadow=0;fontColor=#FFFFFF;fontFamily=Helvetica;fontStyle=0;html=1;fontSize=12;spacing=6;verticalAlign=middle;" parent="180" vertex="1">
          <mxGeometry x="20" y="131" width="120" height="60" as="geometry" />
        </mxCell>
        <mxCell id="183" value="Depth 2" style="swimlane;whiteSpace=wrap;fillColor=none;swimlaneFillColor=#BAC8D3;fontColor=#2F5B7C;fontFamily=Tahoma;html=1;strokeColor=none;opacity=25;" parent="1" vertex="1">
          <mxGeometry x="184.5" y="88.5" width="160" height="650" as="geometry">
            <mxRectangle x="20" y="20" width="80" height="23" as="alternateBounds" />
          </mxGeometry>
        </mxCell>
        <mxCell id="184" value="예약 안내" style="whiteSpace=wrap;shadow=0;fontColor=#FFFFFF;fontFamily=Helvetica;fontStyle=0;html=1;fontSize=12;plain-purple;strokeColor=none;fillColor=#2f5b7c;gradientColor=none;spacing=6;verticalAlign=middle;" parent="183" vertex="1">
          <mxGeometry x="20" y="232" width="120" height="60" as="geometry" />
        </mxCell>
        <mxCell id="xMDmkkcy7LNC_Bl1xIqx-229" value="" style="edgeStyle=segmentEdgeStyle;strokeColor=#d6b656;strokeWidth=3;html=1;endArrow=block;endFill=1;entryX=0.5;entryY=0;entryDx=0;entryDy=0;exitX=0.5;exitY=1;exitDx=0;exitDy=0;fillColor=#fff2cc;" edge="1" parent="183" source="184" target="xMDmkkcy7LNC_Bl1xIqx-230">
          <mxGeometry width="100" height="100" relative="1" as="geometry">
            <mxPoint x="79.5" y="345.5" as="sourcePoint" />
            <mxPoint x="79.65999999999997" y="417" as="targetPoint" />
            <Array as="points" />
          </mxGeometry>
        </mxCell>
        <mxCell id="xMDmkkcy7LNC_Bl1xIqx-230" value="예약 안내 수정&lt;br&gt; " style="shape=document;whiteSpace=wrap;verticalAlign=middle;strokeColor=#d6b656;fillColor=#fff2cc;shadow=0;fontFamily=Helvetica;fontStyle=0;html=1;fontSize=12;spacing=6;spacingBottom=22;" vertex="1" parent="183">
          <mxGeometry x="20" y="325.5" width="120" height="80" as="geometry" />
        </mxCell>
        <mxCell id="xMDmkkcy7LNC_Bl1xIqx-238" value="예약 조회 정보 입력" style="whiteSpace=wrap;strokeColor=none;fillColor=#2f5b7c;shadow=0;fontColor=#FFFFFF;fontFamily=Helvetica;fontStyle=0;html=1;fontSize=12;spacing=6;verticalAlign=middle;" vertex="1" parent="183">
          <mxGeometry x="20" y="541.5" width="120" height="60" as="geometry" />
        </mxCell>
        <mxCell id="xMDmkkcy7LNC_Bl1xIqx-241" value="전체 예약 조회" style="whiteSpace=wrap;strokeColor=#6c8ebf;fillColor=#dae8fc;shadow=0;fontFamily=Helvetica;fontStyle=0;html=1;fontSize=12;spacing=6;verticalAlign=middle;" vertex="1" parent="183">
          <mxGeometry x="20" y="431.5" width="120" height="60" as="geometry" />
        </mxCell>
        <mxCell id="187" value="Depth 3" style="swimlane;whiteSpace=wrap;fillColor=none;swimlaneFillColor=#BAC8D3;fontColor=#2F5B7C;fontFamily=Tahoma;html=1;strokeColor=none;opacity=50;" parent="1" vertex="1">
          <mxGeometry x="344.5" y="89" width="160" height="650" as="geometry">
            <mxRectangle x="20" y="20" width="80" height="23" as="alternateBounds" />
          </mxGeometry>
        </mxCell>
        <mxCell id="190" value="예약 테마 선택" style="shape=document;whiteSpace=wrap;strokeColor=none;fillColor=#12aab5;shadow=0;fontColor=#FFFFFF;fontFamily=Helvetica;fontStyle=0;html=1;fontSize=12;verticalAlign=middle;spacing=6;spacingBottom=22;" parent="187" vertex="1">
          <mxGeometry x="20" y="321" width="120" height="80" as="geometry" />
        </mxCell>
        <mxCell id="191" value="예약 일정 선택" style="shape=document;whiteSpace=wrap;verticalAlign=middle;strokeColor=none;fillColor=#12aab5;shadow=0;fontColor=#FFFFFF;fontFamily=Helvetica;fontStyle=0;html=1;fontSize=12;spacing=6;spacingBottom=22;" parent="187" vertex="1">
          <mxGeometry x="20" y="431" width="120" height="80" as="geometry" />
        </mxCell>
        <mxCell id="192" value="" style="edgeStyle=segmentEdgeStyle;strokeColor=#12AAB5;strokeWidth=3;html=1;endArrow=block;endFill=1;" parent="187" source="190" target="191" edge="1">
          <mxGeometry width="100" height="100" relative="1" as="geometry">
            <mxPoint x="-80" y="375" as="sourcePoint" />
            <mxPoint x="60" y="490" as="targetPoint" />
            <Array as="points">
              <mxPoint x="53" y="501" />
              <mxPoint x="53" y="501" />
            </Array>
          </mxGeometry>
        </mxCell>
        <mxCell id="xMDmkkcy7LNC_Bl1xIqx-219" value="문의 페이지" style="whiteSpace=wrap;strokeColor=none;fillColor=#2f5b7c;shadow=0;fontColor=#FFFFFF;fontFamily=Helvetica;fontStyle=0;html=1;fontSize=12;spacing=6;verticalAlign=middle;" vertex="1" parent="187">
          <mxGeometry x="20" y="61.5" width="120" height="60" as="geometry" />
        </mxCell>
        <mxCell id="xMDmkkcy7LNC_Bl1xIqx-220" value="예약 페이지" style="whiteSpace=wrap;strokeColor=none;fillColor=#2f5b7c;shadow=0;fontColor=#FFFFFF;fontFamily=Helvetica;fontStyle=0;html=1;fontSize=12;spacing=6;verticalAlign=middle;" vertex="1" parent="187">
          <mxGeometry x="20" y="231.5" width="120" height="60" as="geometry" />
        </mxCell>
        <mxCell id="xMDmkkcy7LNC_Bl1xIqx-232" value="" style="edgeStyle=segmentEdgeStyle;strokeColor=#12AAB5;strokeWidth=3;html=1;endArrow=block;endFill=1;entryX=0.5;entryY=0;entryDx=0;entryDy=0;exitX=0.5;exitY=1;exitDx=0;exitDy=0;" edge="1" parent="187" source="xMDmkkcy7LNC_Bl1xIqx-220" target="190">
          <mxGeometry width="100" height="100" relative="1" as="geometry">
            <mxPoint x="79.80000000000001" y="321" as="sourcePoint" />
            <mxPoint x="79.80000000000001" y="361" as="targetPoint" />
            <Array as="points" />
          </mxGeometry>
        </mxCell>
        <mxCell id="xMDmkkcy7LNC_Bl1xIqx-242" value="예약 조회 및 취소" style="whiteSpace=wrap;strokeColor=none;fillColor=#2f5b7c;shadow=0;fontColor=#FFFFFF;fontFamily=Helvetica;fontStyle=0;html=1;fontSize=12;spacing=6;verticalAlign=middle;" vertex="1" parent="187">
          <mxGeometry x="20" y="541" width="120" height="60" as="geometry" />
        </mxCell>
        <mxCell id="xMDmkkcy7LNC_Bl1xIqx-251" value="테마 조회" style="whiteSpace=wrap;strokeColor=none;fillColor=#2f5b7c;shadow=0;fontColor=#FFFFFF;fontFamily=Helvetica;fontStyle=0;html=1;fontSize=12;spacing=6;verticalAlign=middle;" vertex="1" parent="187">
          <mxGeometry x="20" y="141" width="120" height="60" as="geometry" />
        </mxCell>
        <mxCell id="193" value="Depth 4" style="swimlane;whiteSpace=wrap;fillColor=none;swimlaneFillColor=#BAC8D3;fontColor=#2F5B7C;fontFamily=Tahoma;html=1;strokeColor=none;opacity=25;" parent="1" vertex="1">
          <mxGeometry x="504.5" y="88.5" width="160" height="650" as="geometry">
            <mxRectangle x="20" y="20" width="80" height="23" as="alternateBounds" />
          </mxGeometry>
        </mxCell>
        <mxCell id="194" value="문의 작성" style="whiteSpace=wrap;strokeColor=none;fillColor=#2f5b7c;shadow=0;fontColor=#FFFFFF;fontFamily=Helvetica;fontStyle=0;html=1;fontSize=12;spacing=6;verticalAlign=middle;" parent="193" vertex="1">
          <mxGeometry x="20" y="61.5" width="120" height="60" as="geometry" />
        </mxCell>
        <mxCell id="195" value="예약 정보 입력" style="whiteSpace=wrap;strokeColor=none;fillColor=#2f5b7c;shadow=0;fontColor=#FFFFFF;fontFamily=Helvetica;fontStyle=0;html=1;fontSize=12;spacing=6;verticalAlign=middle;" parent="193" vertex="1">
          <mxGeometry x="20.5" y="441.5" width="120" height="60" as="geometry" />
        </mxCell>
        <mxCell id="xMDmkkcy7LNC_Bl1xIqx-259" value="테마 수정&lt;br&gt; " style="shape=document;whiteSpace=wrap;verticalAlign=middle;strokeColor=#d6b656;fillColor=#fff2cc;shadow=0;fontFamily=Helvetica;fontStyle=0;html=1;fontSize=12;spacing=6;spacingBottom=22;" vertex="1" parent="193">
          <mxGeometry x="20.5" y="231.5" width="120" height="80" as="geometry" />
        </mxCell>
        <mxCell id="196" value="Depth 7" style="swimlane;whiteSpace=wrap;fillColor=none;swimlaneFillColor=#BAC8D3;fontColor=#2F5B7C;fontFamily=Tahoma;html=1;strokeColor=none;opacity=50;" parent="1" vertex="1">
          <mxGeometry x="984.5" y="88.5" width="160" height="650" as="geometry">
            <mxRectangle x="20" y="20" width="80" height="23" as="alternateBounds" />
          </mxGeometry>
        </mxCell>
        <mxCell id="199" value="예약 완료 페이지" style="whiteSpace=wrap;strokeColor=none;fillColor=#2f5b7c;shadow=0;fontColor=#FFFFFF;fontFamily=Helvetica;fontStyle=0;html=1;fontSize=12;spacing=6;verticalAlign=middle;" parent="196" vertex="1">
          <mxGeometry x="20" y="441.5" width="120" height="60" as="geometry" />
        </mxCell>
        <mxCell id="202" value="" style="edgeStyle=segmentEdgeStyle;strokeColor=#2F5B7C;strokeWidth=3;html=1;endArrow=block;endFill=1;" parent="1" source="171" target="184" edge="1">
          <mxGeometry x="164.5" y="178.5" width="100" height="100" as="geometry">
            <mxPoint x="224.5" y="248.5" as="sourcePoint" />
            <mxPoint x="324.5" y="148.5" as="targetPoint" />
          </mxGeometry>
        </mxCell>
        <mxCell id="204" value="" style="edgeStyle=segmentEdgeStyle;strokeColor=#2F5B7C;strokeWidth=3;html=1;endArrow=block;endFill=1;" parent="1" source="171" edge="1">
          <mxGeometry x="164.5" y="178.5" width="100" height="100" as="geometry">
            <mxPoint x="174.5" y="188.5" as="sourcePoint" />
            <mxPoint x="364.5" y="178.5" as="targetPoint" />
          </mxGeometry>
        </mxCell>
        <mxCell id="206" value="" style="edgeStyle=elbowEdgeStyle;elbow=vertical;strokeColor=#12AAB5;strokeWidth=3;html=1;endArrow=block;endFill=1;exitX=1;exitY=0.5;exitDx=0;exitDy=0;entryX=0;entryY=0.5;entryDx=0;entryDy=0;" parent="1" source="191" target="195" edge="1">
          <mxGeometry x="484.5" y="623.5" width="100" height="100" as="geometry">
            <mxPoint x="544.5" y="618.5" as="sourcePoint" />
            <mxPoint x="540" y="654" as="targetPoint" />
          </mxGeometry>
        </mxCell>
        <mxCell id="207" value="" style="edgeStyle=segmentEdgeStyle;strokeColor=#2F5B7C;strokeWidth=3;html=1;endArrow=block;endFill=1;entryX=0;entryY=0.5;entryDx=0;entryDy=0;" parent="1" source="184" target="xMDmkkcy7LNC_Bl1xIqx-220" edge="1">
          <mxGeometry x="324.5" y="283.5" width="100" height="100" as="geometry">
            <mxPoint x="454.5" y="298.5" as="sourcePoint" />
            <mxPoint x="370" y="350" as="targetPoint" />
            <Array as="points" />
          </mxGeometry>
        </mxCell>
        <mxCell id="212" value="" style="edgeStyle=segmentEdgeStyle;strokeColor=#2F5B7C;strokeWidth=3;html=1;endArrow=block;endFill=1;" parent="1" source="195" target="182" edge="1">
          <mxGeometry x="644.5" y="433.5" width="100" height="100" as="geometry">
            <mxPoint x="514.5" y="588.5" as="sourcePoint" />
            <mxPoint x="614.5" y="488.5" as="targetPoint" />
          </mxGeometry>
        </mxCell>
        <mxCell id="xMDmkkcy7LNC_Bl1xIqx-234" value="" style="edgeStyle=elbowEdgeStyle;elbow=vertical;strokeColor=#12AAB5;strokeWidth=3;html=1;endArrow=block;endFill=1;exitX=1;exitY=0.5;exitDx=0;exitDy=0;entryX=-0.008;entryY=0.371;entryDx=0;entryDy=0;entryPerimeter=0;" edge="1" parent="1" source="182" target="178">
          <mxGeometry x="484.5" y="623.5" width="100" height="100" as="geometry">
            <mxPoint x="810" y="559.71" as="sourcePoint" />
            <mxPoint x="840" y="560" as="targetPoint" />
          </mxGeometry>
        </mxCell>
        <mxCell id="xMDmkkcy7LNC_Bl1xIqx-235" value="" style="edgeStyle=segmentEdgeStyle;strokeColor=#2F5B7C;strokeWidth=3;html=1;endArrow=block;endFill=1;exitX=0.998;exitY=0.371;exitDx=0;exitDy=0;exitPerimeter=0;entryX=0;entryY=0.5;entryDx=0;entryDy=0;" edge="1" parent="1" source="178" target="199">
          <mxGeometry x="644.5" y="433.5" width="100" height="100" as="geometry">
            <mxPoint x="964.5" y="610" as="sourcePoint" />
            <mxPoint x="1004.5" y="610" as="targetPoint" />
          </mxGeometry>
        </mxCell>
        <mxCell id="xMDmkkcy7LNC_Bl1xIqx-237" value="" style="edgeStyle=segmentEdgeStyle;strokeColor=#2F5B7C;strokeWidth=3;html=1;endArrow=block;endFill=1;exitX=1;exitY=0.5;exitDx=0;exitDy=0;entryX=0;entryY=0.5;entryDx=0;entryDy=0;" edge="1" parent="1" source="171" target="xMDmkkcy7LNC_Bl1xIqx-238">
          <mxGeometry x="164.5" y="178.5" width="100" height="100" as="geometry">
            <mxPoint x="175" y="188" as="sourcePoint" />
            <mxPoint x="180" y="690" as="targetPoint" />
            <Array as="points">
              <mxPoint x="180" y="179" />
              <mxPoint x="180" y="660" />
            </Array>
          </mxGeometry>
        </mxCell>
        <mxCell id="xMDmkkcy7LNC_Bl1xIqx-240" value="" style="edgeStyle=segmentEdgeStyle;strokeColor=#d6b656;strokeWidth=3;html=1;endArrow=block;endFill=1;entryX=0.5;entryY=0;entryDx=0;entryDy=0;exitX=0.5;exitY=1;exitDx=0;exitDy=0;fillColor=#fff2cc;" edge="1" parent="1" source="173" target="xMDmkkcy7LNC_Bl1xIqx-241">
          <mxGeometry width="100" height="100" relative="1" as="geometry">
            <mxPoint x="104.21000000000001" y="490" as="sourcePoint" />
            <mxPoint x="104.5" y="530" as="targetPoint" />
            <Array as="points">
              <mxPoint x="104" y="500" />
              <mxPoint x="264" y="500" />
            </Array>
          </mxGeometry>
        </mxCell>
        <mxCell id="xMDmkkcy7LNC_Bl1xIqx-243" value="" style="edgeStyle=segmentEdgeStyle;strokeColor=#d6b656;strokeWidth=3;html=1;endArrow=block;endFill=1;entryX=0.533;entryY=0.029;entryDx=0;entryDy=0;exitX=0.538;exitY=0.986;exitDx=0;exitDy=0;fillColor=#fff2cc;exitPerimeter=0;entryPerimeter=0;" edge="1" parent="1" source="xMDmkkcy7LNC_Bl1xIqx-241" target="xMDmkkcy7LNC_Bl1xIqx-242">
          <mxGeometry width="100" height="100" relative="1" as="geometry">
            <mxPoint x="250.97" y="584" as="sourcePoint" />
            <mxPoint x="410.97" y="630" as="targetPoint" />
            <Array as="points">
              <mxPoint x="269" y="610" />
              <mxPoint x="428" y="610" />
              <mxPoint x="428" y="632" />
            </Array>
          </mxGeometry>
        </mxCell>
        <mxCell id="xMDmkkcy7LNC_Bl1xIqx-246" value="" style="edgeStyle=segmentEdgeStyle;strokeColor=#2F5B7C;strokeWidth=3;html=1;endArrow=block;endFill=1;exitX=1;exitY=0.5;exitDx=0;exitDy=0;entryX=0;entryY=0.5;entryDx=0;entryDy=0;" edge="1" parent="1" source="xMDmkkcy7LNC_Bl1xIqx-238" target="xMDmkkcy7LNC_Bl1xIqx-242">
          <mxGeometry x="644.5" y="433.5" width="100" height="100" as="geometry">
            <mxPoint x="344.5" y="659.76" as="sourcePoint" />
            <mxPoint x="360" y="660" as="targetPoint" />
          </mxGeometry>
        </mxCell>
        <mxCell id="xMDmkkcy7LNC_Bl1xIqx-248" value="" style="edgeStyle=segmentEdgeStyle;strokeColor=#2F5B7C;strokeWidth=3;html=1;endArrow=block;endFill=1;exitX=0.5;exitY=1;exitDx=0;exitDy=0;entryX=1;entryY=0.5;entryDx=0;entryDy=0;" edge="1" parent="1" source="199" target="xMDmkkcy7LNC_Bl1xIqx-242">
          <mxGeometry width="100" height="100" relative="1" as="geometry">
            <mxPoint x="1064.08" y="640" as="sourcePoint" />
            <mxPoint x="1064.08" y="767" as="targetPoint" />
            <Array as="points">
              <mxPoint x="1065" y="660" />
            </Array>
          </mxGeometry>
        </mxCell>
        <mxCell id="xMDmkkcy7LNC_Bl1xIqx-252" value="" style="edgeStyle=segmentEdgeStyle;strokeColor=#2F5B7C;strokeWidth=3;html=1;endArrow=block;endFill=1;exitX=1;exitY=0.5;exitDx=0;exitDy=0;entryX=0;entryY=0.5;entryDx=0;entryDy=0;" edge="1" parent="1" source="171" target="xMDmkkcy7LNC_Bl1xIqx-251">
          <mxGeometry x="164.5" y="178.5" width="100" height="100" as="geometry">
            <mxPoint x="175" y="189" as="sourcePoint" />
            <mxPoint x="374.5" y="188.5" as="targetPoint" />
            <Array as="points">
              <mxPoint x="165" y="180" />
              <mxPoint x="270" y="180" />
              <mxPoint x="270" y="260" />
            </Array>
          </mxGeometry>
        </mxCell>
        <mxCell id="xMDmkkcy7LNC_Bl1xIqx-253" value="" style="edgeStyle=segmentEdgeStyle;strokeColor=#2F5B7C;strokeWidth=3;html=1;endArrow=block;endFill=1;exitX=1;exitY=0.75;exitDx=0;exitDy=0;entryX=0.539;entryY=0.014;entryDx=0;entryDy=0;entryPerimeter=0;" edge="1" parent="1" source="xMDmkkcy7LNC_Bl1xIqx-251" target="195">
          <mxGeometry x="164.5" y="178.5" width="100" height="100" as="geometry">
            <mxPoint x="500" y="260" as="sourcePoint" />
            <mxPoint x="600" y="402" as="targetPoint" />
            <Array as="points">
              <mxPoint x="500" y="275" />
              <mxPoint x="500" y="480" />
              <mxPoint x="590" y="480" />
            </Array>
          </mxGeometry>
        </mxCell>
        <mxCell id="xMDmkkcy7LNC_Bl1xIqx-255" value="" style="edgeStyle=segmentEdgeStyle;strokeColor=#2F5B7C;strokeWidth=3;html=1;endArrow=block;endFill=1;exitX=1;exitY=0.5;exitDx=0;exitDy=0;entryX=0;entryY=0.5;entryDx=0;entryDy=0;" edge="1" parent="1" source="xMDmkkcy7LNC_Bl1xIqx-219" target="194">
          <mxGeometry x="804.5" y="278.5" width="100" height="100" as="geometry">
            <mxPoint x="655" y="288" as="sourcePoint" />
            <mxPoint x="915" y="404" as="targetPoint" />
          </mxGeometry>
        </mxCell>
        <mxCell id="xMDmkkcy7LNC_Bl1xIqx-257" value="" style="edgeStyle=segmentEdgeStyle;strokeColor=#2F5B7C;strokeWidth=3;html=1;endArrow=block;endFill=1;exitX=1;exitY=0.5;exitDx=0;exitDy=0;entryX=0.5;entryY=0;entryDx=0;entryDy=0;" edge="1" parent="1" source="194" target="181">
          <mxGeometry x="804.5" y="278.5" width="100" height="100" as="geometry">
            <mxPoint x="670" y="181" as="sourcePoint" />
            <mxPoint x="710" y="180" as="targetPoint" />
          </mxGeometry>
        </mxCell>
        <mxCell id="xMDmkkcy7LNC_Bl1xIqx-258" value="" style="edgeStyle=segmentEdgeStyle;strokeColor=#2F5B7C;strokeWidth=3;html=1;endArrow=block;endFill=1;exitX=1;exitY=0.75;exitDx=0;exitDy=0;entryX=0;entryY=0.5;entryDx=0;entryDy=0;" edge="1" parent="1" source="xMDmkkcy7LNC_Bl1xIqx-219" target="181">
          <mxGeometry x="804.5" y="278.5" width="100" height="100" as="geometry">
            <mxPoint x="505" y="201" as="sourcePoint" />
            <mxPoint x="545" y="200" as="targetPoint" />
            <Array as="points">
              <mxPoint x="500" y="196" />
              <mxPoint x="500" y="250" />
            </Array>
          </mxGeometry>
        </mxCell>
        <mxCell id="xMDmkkcy7LNC_Bl1xIqx-260" value="" style="edgeStyle=segmentEdgeStyle;strokeColor=#d6b656;strokeWidth=3;html=1;endArrow=block;endFill=1;entryX=0.5;entryY=0;entryDx=0;entryDy=0;exitX=1;exitY=0.5;exitDx=0;exitDy=0;fillColor=#fff2cc;" edge="1" parent="1" source="xMDmkkcy7LNC_Bl1xIqx-251" target="xMDmkkcy7LNC_Bl1xIqx-259">
          <mxGeometry width="100" height="100" relative="1" as="geometry">
            <mxPoint x="510" y="260" as="sourcePoint" />
            <mxPoint x="510" y="294" as="targetPoint" />
            <Array as="points" />
          </mxGeometry>
        </mxCell>
      </root>
    </mxGraphModel>
  </diagram>
</mxfile>
